model,R-Precision,NDCG,MAP@5,MAP@10,MAP@20,Precision@5,Precision@10,Precision@20,Recall@5,Recall@10,Recall@20
E-CDE-VAE,0.0509,0.11982,0.06570000000000001,0.06024,0.0538,0.05926,0.052259999999999994,0.044160000000000005,0.04364,0.07450000000000001,0.12234
