Algorithm,Train Time,Test Time
E-CDE-VAE,65.03659391403198,0.19671320915222168
