Algorithm,Train Time,Test Time
CE-VAE,66.9690849781036,0.195056676864624
