Algorithm,Train Time,Test Time
E-CDE-VAE,67.8367714881897,0.19045782089233398
