Algorithm,Train Time,Test Time
VAE-CF,54.45895576477051,2.184025526046753
