Algorithm,Train Time,Test Time
E-CDE-VAE,66.14797902107239,0.18872427940368652
