Algorithm,Train Time,Test Time
CE-VAE,66.1479790210724,0.188724279403686
