Algorithm,Train Time,Test Time
CE-VAE,67.8367714881897,0.190457820892334
