Algorithm,Train Time,Test Time
CE-VAE,65.036593914032,0.196713209152222
