Algorithm,Train Time,Test Time
E-CDE-VAE,67.99400925636292,0.20367836952209473
