Algorithm,Train Time,Test Time
CE-VAE,67.9940092563629,0.203678369522095
