Algorithm,Train Time,Test Time
E-CDE-VAE,66.96908497810364,0.19505667686462402
