Algorithm,Train Time,Test Time
CE-VNCF,11752.68083190918,429.82374835014343
