model,R-Precision,NDCG,MAP@5,MAP@10,MAP@20,Precision@5,Precision@10,Precision@20,Recall@5,Recall@10,Recall@20
E-CDE-VAE,0.07221999999999999,0.16177999999999998,0.08171999999999999,0.0716,0.05928,0.07150000000000001,0.05600000000000001,0.0415,0.08974000000000001,0.13576000000000002,0.19488
