Algorithm,Train Time,Test Time
VAE-CF,59.937206745147705,2.196044921875
