Algorithm,Train Time,Test Time
CE-VAE,124.006051301956,0.202440023422241
