Algorithm,Train Time,Test Time
E-CDE-VAE,124.75888347625732,0.22349190711975098
