Algorithm,Train Time,Test Time
E-CDE-VAE,124.00605130195618,0.2024400234222412
