Algorithm,Train Time,Test Time
CE-VAE,126.54079914093,0.208164930343628
