Algorithm,Train Time,Test Time
CE-VAE,127.617242336273,0.200208902359009
