Algorithm,Train Time,Test Time
CE-VAE,123.478009462357,0.198775768280029
