Algorithm,Train Time,Test Time
E-CDE-VAE,127.6172423362732,0.2002089023590088
