Algorithm,Train Time,Test Time
E-CDE-VAE,123.47800946235657,0.1987757682800293
