Algorithm,Train Time,Test Time
E-CDE-VAE,126.54079914093018,0.20816493034362793
