Algorithm,Train Time,Test Time
CE-VAE,124.758883476257,0.223491907119751
