Algorithm,Train Time,Test Time
CE-VNCF,7087.097777843475,501.29062366485596
