model,NDCG@5,NDCG@10,NDCG@20,MAP@5,MAP@10,MAP@20,Precision@5,Precision@10,Precision@20,Recall@5,Recall@10,Recall@20
CE-VAE,0.52604,0.64608,0.74154,0.6152,0.53176,0.43314,0.52282,0.4083,0.28596,0.48606,0.68958,0.88384
